,0_RfR 0,0_RfR 1,0_RfR 2,1_RfR 0,1_RfR 1,1_RfR 2,2_RfR 0,2_RfR 1,2_RfR 2,3_RfR 0,3_RfR 1,3_RfR 2,4_RfR 0,4_RfR 1,4_RfR 2,EWS_DaysToThreat,A.1_DikeIncrease 0,A.1_DikeIncrease 1,A.1_DikeIncrease 2,A.2_DikeIncrease 0,A.2_DikeIncrease 1,A.2_DikeIncrease 2,A.3_DikeIncrease 0,A.3_DikeIncrease 1,A.3_DikeIncrease 2,A.4_DikeIncrease 0,A.4_DikeIncrease 1,A.4_DikeIncrease 2,A.5_DikeIncrease 0,A.5_DikeIncrease 1,A.5_DikeIncrease 2,Expected Annual Damage,Dike Investment Costs,RfR Investment Costs,Evacuation Costs,Expected Number of Deaths,Min Water Level,Max Water Level
710,0,0,0,0,0,0,1,1,1,0,0,0,0,0,0,0,5,0,0,0,0,0,0,0,0,2,4,0,3,0,0,29462687.88,102025214.6,92100000,0,0.019897746,4.538303237,8.228127279
813,0,0,0,0,0,0,1,0,0,0,0,0,0,0,0,0,5,0,0,3,0,0,3,0,0,1,0,0,4,0,0,9452739.928,165711155.1,30700000,0,0.003935885,4.538303237,8.228127279
911,0,0,0,0,0,0,0,0,0,0,0,0,0,0,0,0,5,0,0,3,0,0,2,2,0,1,0,3,4,0,0,21983617.99,196131897.7,0,0,0.030492578,4.538303237,8.228127279
1228,0,0,0,0,0,0,1,1,1,0,0,0,0,0,0,1,5,0,0,0,0,0,0,0,0,3,0,0,2,0,0,29462687.88,90004143.85,92100000,560.8703433,0.007163189,4.538303237,8.228127279
1380,0,0,0,0,0,0,0,0,0,0,0,0,0,0,0,1,5,0,0,3,0,0,3,0,0,1,0,1,4,0,0,29527431.38,172247942.5,0,525.5854205,0.01118348,4.538303237,8.228127279
1412,0,0,0,0,0,0,0,1,0,0,0,0,0,0,0,2,5,0,0,2,0,0,2,0,0,2,0,1,3,0,0,23727465.74,163402501.4,30700000,703.4333873,0.00355901,4.538303237,8.228127279
1501,0,0,0,0,0,0,0,0,0,0,0,0,0,0,0,3,5,0,0,3,0,0,5,0,0,7,0,0,5,0,0,3601699.061,181551930.5,0,138.7271203,0.000310373,4.538303237,8.228127279
1504,0,0,0,0,0,0,0,0,0,0,0,0,0,0,0,0,5,0,0,2,0,0,3,0,0,1,1,3,3,0,0,22282087.45,173239066.8,0,0,0.018341552,4.538303237,8.228127279
1662,0,0,0,0,0,0,0,1,0,0,0,0,0,0,0,1,5,0,0,2,0,0,2,0,0,2,0,0,4,0,0,25507277.83,159667936.8,30700000,449.8678987,0.008714176,4.538303237,8.228127279
